Index,URL
1,https://hotel.am/143-europe-hotel-khrabakh.html
2,https://hotel.am/8168-rampr-inn-hotel.html
3,https://hotel.am/8177-ibis-yerevan-center.html
4,https://hotel.am/8049-aghababyans-hotel.html
5,https://hotel.am/101-yerevan-deluxe-hotel.html
6,https://hotel.am/8175-comfort-hotel.html
7,https://hotel.am/8004-14-th-floor-hotel.html
8,https://hotel.am/8383-good-hotel.html
9,https://hotel.am/8375-nacho-hotel-yerevan.html
10,https://hotel.am/83-ani-central-inn-hotel.html
11,https://hotel.am/17-capital-hotel.html
12,https://hotel.am/241-tigran-mets-hotel.html
13,https://hotel.am/8182-elysium-gallery-hotel.html
14,https://hotel.am/32-metropol-hotel.html
15,https://hotel.am/224-armenia-marriott-hotel.html
16,https://hotel.am/8299-konyak-hotel.html
17,https://hotel.am/45-hotel-national-armenia.html
18,https://hotel.am/38-nairi-hotel.html
19,https://hotel.am/8363-polo-hotel.html
20,https://hotel.am/8374-rest-house-dilijan.html
21,https://hotel.am/8373-antaratun-aghveran.html
22,https://hotel.am/8371-aurora-resort-tsaghkadzor.html
23,https://hotel.am/8370-tsaghkadzor-inn-hotel.html
24,https://hotel.am/8364-vampv-hotel.html
25,https://hotel.am/8362-alaska-resort.html
26,https://hotel.am/8361-woodland-cottages.html
27,https://hotel.am/8356--.html
28,https://hotel.am/8353-vila-plaza-guest-house.html
29,https://hotel.am/8245-hover-boutique-hotel.html
30,https://hotel.am/8340-kochar-garden-hotel-yerevan.html
31,https://hotel.am/8331-tsaghkadzori-tun.html
32,https://hotel.am/8308-garni-hinyard.html
33,https://hotel.am/8304-kirch-hotel.html
34,https://hotel.am/8303-california-boutique-hotel.html
35,https://hotel.am/8289-zangezur-hotel.html
36,https://hotel.am/8286-edem-hotel.html
37,https://hotel.am/8282-har-mar-hotel.html
38,https://hotel.am/8275-cozy-house.html
39,https://hotel.am/8272-menua-hotel.html
40,https://hotel.am/8271-areguni-guest-house.html
41,https://hotel.am/8252-vale-hotel.html
42,https://hotel.am/8251-hotel-felisa.html
43,https://hotel.am/8250-getap-in-bjni.html
44,https://hotel.am/8243-hotel-fenix-complex.html
45,https://hotel.am/8242-vorotnavan-rest-home.html
46,https://hotel.am/8241-flora-hotel.html
47,https://hotel.am/8237-grand-house.html
48,https://hotel.am/8236-vanatur-hotel.html
49,https://hotel.am/8235-asour-hotel.html
50,https://hotel.am/8234-rubin-hotel.html
51,https://hotel.am/8233-getahovit-resort.html
52,https://hotel.am/8230-lider-complex.html
53,https://hotel.am/8229-khoreayi-dzor.html
54,https://hotel.am/8226-artsvik-hotel.html
55,https://hotel.am/8222-s-amp-m-hotel.html
56,https://hotel.am/8208-arevi-hotel.html
57,https://hotel.am/8204-harsnadzor-eco-resort.html
58,https://hotel.am/8200-olympic-hotel.html
59,https://hotel.am/8197-russo.html
60,https://hotel.am/8193-sh-resort-hotel.html
61,https://hotel.am/8179-avan-plaza-hotel.html
62,https://hotel.am/8136-belveder-eco-resort.html
63,https://hotel.am/8127-arzni-polyclinic-sanatorium.html
64,https://hotel.am/8124-grand-resort-jermuk.html
65,https://hotel.am/8123-lilit-resort.html
66,https://hotel.am/237-sion-resort.html
67,https://hotel.am/232-nairi-spa-resorts.html
68,https://hotel.am/8053-apricot-hotels-and-resorts.html
69,https://hotel.am/204-mi-max-hotel.html
70,https://hotel.am/159-iris-guest-house.html
71,https://hotel.am/127-takht-house-guesthouse.html
72,https://hotel.am/121-magnit-guesthouse.html
73,https://hotel.am/240-nur-hotel-resort.html
74,https://hotel.am/248-harsnaqar-hotel.html
75,https://hotel.am/166-argishti-hotel.html
76,https://hotel.am/157-gayane-hotel.html
77,https://hotel.am/89-tsaghkahovit-hotel.html
78,https://hotel.am/84-saya-hotel.html
79,https://hotel.am/55-ani-resort.html
80,https://hotel.am/144-alexandrapol-hotel-palace.html
81,https://hotel.am/236-armenia-wellness-spa-hotel.html
82,https://hotel.am/175-kirovakan-hotel.html
83,https://hotel.am/163-lori-hotel.html
84,https://hotel.am/147-menua-hotel.html
85,https://hotel.am/145-araks-hotel.html
86,https://hotel.am/85-splendor-resort.html
87,https://hotel.am/195-central-hotel.html
88,https://hotel.am/239-aghveran-ararat-resort-.html
89,https://hotel.am/165-sochut-resort.html
90,https://hotel.am/140-armenia-hotel.html
91,https://hotel.am/104-casanova-guesthouse.html
92,https://hotel.am/153-national-artsakh-hotel.html
93,https://hotel.am/8392-vanadzor-guesthouse.html
94,https://hotel.am/8386-l-and-l-cottages.html
95,https://hotel.am/8005-ani-plaza-hotel.html
96,https://hotel.am/8221-aleppo-hotel.html
97,https://hotel.am/8070-apricot-hotel-yerevan.html
98,https://hotel.am/8385-gm-rest-house.html
99,https://hotel.am/8382-goog-hotel.html
100,https://hotel.am/8007-ararat-hotel.html
101,https://hotel.am/79-royal-plaza.html
102,https://hotel.am/8120-nova-hotel.html
103,https://hotel.am/15-aviatrans-hotel.html
104,https://hotel.am/8199-jermuk-1-sanatorium.html
105,https://hotel.am/8378-nr-rest-house-hotel.html
106,https://hotel.am/8377--.html
107,https://hotel.am/8360-azhdahak-guest-house.html
108,https://hotel.am/8354-dilijazz-hotel.html
109,https://hotel.am/8344-everest-rest-house.html
110,https://hotel.am/8321-lilia-guest-house.html
111,https://hotel.am/8294-ed-em-hotel.html
112,https://hotel.am/8292-sunk-hote.html
113,https://hotel.am/8255-popock-tsaghkadzor-hotel.html
114,https://hotel.am/8244-resort-mja.html
115,https://hotel.am/8238-sofya-hotel.html
116,https://hotel.am/8228-popoch-dilijan-2-hotel.html
117,https://hotel.am/8227-tumanyan-hotel.html
118,https://hotel.am/8220-jermuk-hotel-amp-spa.html
119,https://hotel.am/8215-teghenis-hotel.html
120,https://hotel.am/8210-ecokayan-dilijan.html
121,https://hotel.am/8205-ararat-resort-tsaghkadzor.html
122,https://hotel.am/8198-tomus-hotel.html
123,https://hotel.am/8196-unique-hotel.html
124,https://hotel.am/8195-lastiver-resort.html
125,https://hotel.am/8194-popok-dilijan-1-hotel.html
126,https://hotel.am/8192-adams-hotel.html
127,https://hotel.am/8191-kantar-hotel.html
128,https://hotel.am/8186-ramada-hotel-amp-suites-by-wyndham-yerevan.html
129,https://hotel.am/8185-annabella-boutique-hotel.html
130,https://hotel.am/8184-cherry-hotel.html
131,https://hotel.am/8174-yerevan-centre-hotel.html
132,https://hotel.am/8167-hobby-hotel.html
133,https://hotel.am/8142-grand-hills-hotel.html
134,https://hotel.am/8126-daniel-boutique.html
135,https://hotel.am/8119-holiday-inn-express.html
136,https://hotel.am/39-arthurs-aghveran-resort.html
137,https://hotel.am/8092-messier-53-hotel-yerevan.html
138,https://hotel.am/100-apaga-resort.html
139,https://hotel.am/8081-bien-hotel.html
140,https://hotel.am/233-amberd-hotel.html
141,https://hotel.am/8048-golden-palace-hotel-yerevan.html
142,https://hotel.am/8058-faria-boutique-hotel.html
143,https://hotel.am/8052-multi-rest-house.html
144,https://hotel.am/179-tezh-ler-resort.html
145,https://hotel.am/8047-best-western-congress.html
146,https://hotel.am/8046-artsakh-hotel.html
147,https://hotel.am/8043-avant-garde-hotel.html
148,https://hotel.am/8042-art-hotel.html
149,https://hotel.am/90-tsaghkatun-hotel.html
150,https://hotel.am/8008-armenian-royal-palace-hotel-complex.html
151,https://hotel.am/8006-aquatek-resort-spa.html
152,https://hotel.am/193-ararat-mothers-and-childs-health-spa.html
153,https://hotel.am/201-jermuk-ashkharh-sanatorium.html
154,https://hotel.am/209-tufenkian-historic-yerevan-hotel.html
155,https://hotel.am/176-kyores-hotel.html
156,https://hotel.am/168-ml-hotel.html
157,https://hotel.am/162-lori-rest-zone.html
158,https://hotel.am/110-best-western-bohemian-resort.html
159,https://hotel.am/102-mayisyan-kamurdj.html
160,https://hotel.am/97-villa-delenda-hotel.html
161,https://hotel.am/94-villa-29.html
162,https://hotel.am/78-regineh-hotel.html
163,https://hotel.am/70-kecharis-hotel.html
164,https://hotel.am/24-family-hotel.html
165,https://hotel.am/35-alpine-violet-hotel.html
166,https://hotel.am/188-amrots-hotel.html
167,https://hotel.am/191-lucytour-hotel.html
168,https://hotel.am/196-vivas-hotel.html
169,https://hotel.am/199-gladzor-sanatorium.html
170,https://hotel.am/212-nairi-hotel.html
171,https://hotel.am/243-vahagn-resort.html
172,https://hotel.am/183-mira-hotel.html
173,https://hotel.am/174-goris-hotel.html
174,https://hotel.am/171-diana-hotel.html
175,https://hotel.am/149-gyumri-hotel-shirak.html
176,https://hotel.am/130-dilijan-park-resort-villas.html
177,https://hotel.am/92-writers-house-hotel.html
178,https://hotel.am/81-sd-hotel.html
179,https://hotel.am/68-general-sport-complex.html
180,https://hotel.am/65-alpina-holiday-home.html
181,https://hotel.am/21-doubletree-by-hilton.html
182,https://hotel.am/29-hrazdan-hotel.html
183,https://hotel.am/37-multi-grand-hotel.html
184,https://hotel.am/40-nare-hotel.html
185,https://hotel.am/57-panorama-resort-hotel-complex.html
186,https://hotel.am/154-park-hotel-artsakh.html
187,https://hotel.am/108-dghyak-pansion.html
188,https://hotel.am/197-lalaner-hotel-complex.html
189,https://hotel.am/205-life-hotel.html
190,https://hotel.am/210-tufenkian-old-dilijan-hotel.html
191,https://hotel.am/213-verona-hotel.html
192,https://hotel.am/235-mina-hotel-.html
193,https://hotel.am/180-lara-hotel.html
194,https://hotel.am/177-laguna-hotel.html
195,https://hotel.am/172-green-house-hotel.html
196,https://hotel.am/169-best-western-yeghevnut-.html
197,https://hotel.am/160-qefilyan-hotel-and-restaurant-complex.html
198,https://hotel.am/155-vallex-garden-hotel.html
199,https://hotel.am/152-villa-kars.html
200,https://hotel.am/128-tavush-hotel-.html
201,https://hotel.am/124-ariana-family-hotel.html
202,https://hotel.am/119-maria-resort.html
203,https://hotel.am/114-getap-hotel-.html
204,https://hotel.am/95-villa-ayghedzor-hotel.html
205,https://hotel.am/87-park-village-hotel-resort.html
206,https://hotel.am/74-nairi-rest-house.html
207,https://hotel.am/71-kechi-holiday-house.html
208,https://hotel.am/66-best-western-alva-hotel-spa.html
209,https://hotel.am/18-cascade-hotel.html
210,https://hotel.am/31-latar-hotel.html
211,https://hotel.am/42-crystal-resort-aghveran.html
212,https://hotel.am/47-arzni-n1-resort.html
213,https://hotel.am/53-hyelandz-eco-village-resort.html
214,https://hotel.am/59-park-avenue-hotel.html
215,https://hotel.am/249-hotel-plaza-viktoria.html
216,https://hotel.am/103-best-western-paradise.html
217,https://hotel.am/184-mirhav-hotel.html
218,https://hotel.am/189-vayk-hotel.html
219,https://hotel.am/192-ani-hotel.html
220,https://hotel.am/200-jermuk-anush-hotel.html
221,https://hotel.am/203-dian-hotel.html
222,https://hotel.am/208-tufenkian-avan-dzoraget-hotel.html
223,https://hotel.am/231-jupiter-hotel.html
224,https://hotel.am/150-nairi-hotel.html
225,https://hotel.am/142-avetis-hotel.html
226,https://hotel.am/126-tsovasar-family-rest-complex.html
227,https://hotel.am/122-mimino-guesthouse.html
228,https://hotel.am/117-gladzor-cottage.html
229,https://hotel.am/109-diligence-holiday-home-.html
230,https://hotel.am/77-russia-hotel.html
231,https://hotel.am/23-europe-hotel-yerevan.html
232,https://hotel.am/25-forum-hotel.html
233,https://hotel.am/36-moscow-house.html
234,https://hotel.am/44-mge-cavalier.html
235,https://hotel.am/52-olympia-hotel.html
236,https://hotel.am/16-bass-boutique-hotel-.html
237,https://hotel.am/250-noy-land-resort-.html
238,https://hotel.am/190-arpa-hotel.html
239,https://hotel.am/198-evmari-guesthouse.html
240,https://hotel.am/211-tufenkian-avan-marak-tsapatagh.html
241,https://hotel.am/234-villadzor-apart-hotel.html
242,https://hotel.am/242-areg-hotel.html
243,https://hotel.am/178-lori-resort.html
244,https://hotel.am/170-christy-hotel.html
245,https://hotel.am/156-yerevan-hotel.html
246,https://hotel.am/148-berlin-art-hotel.html
247,https://hotel.am/115-haghartsin-hotel.html
248,https://hotel.am/112-dilijan-hotel-resort.html
249,https://hotel.am/107-daravand-guesthouse.html
250,https://hotel.am/91-world-of-gold-holiday-house.html
251,https://hotel.am/72-tsaghkadzor-marriott-hotel.html
252,https://hotel.am/67-elegant-hotel.html
253,https://hotel.am/22-erebuni-hotel.html
254,https://hotel.am/30-imperial-palace-hotel.html
255,https://hotel.am/33-minotel-barsam-suites-hotel.html
256,https://hotel.am/46-park-resort-aghveran.html
257,https://hotel.am/58-paris-hotel.html
258,https://hotel.am/64-aliq-rest-house.html
